seriesId,matchId,bowlerIds,bowlerLongNames,overNumber,overRuns,overWickets,totalWickets,overRunRate
1447498,1447499,100873,Lavish Kaushal,1,14,0,0,14.0
1447498,1447499,106205,Aditya Goyal,2,26,0,0,20.0
1447498,1447499,100873,Lavish Kaushal,3,5,1,1,15.0
1447498,1447499,77837,Gneshwar Naveen,4,2,1,2,11.75
1447498,1447499,100873,Lavish Kaushal,5,3,1,3,10.0
1447498,1447499,77837,Gneshwar Naveen,6,6,1,4,9.33
1447498,1447499,77825,Kranthi Kumar,7,14,0,4,10.0
1447498,1447499,100862,Shubhang Hegde,8,5,0,4,9.37
1447498,1447499,77825,Kranthi Kumar,9,10,0,4,9.44
1447498,1447499,100862,Shubhang Hegde,10,3,0,4,8.8
1447498,1447499,106205,Aditya Goyal,11,9,1,5,8.54
1447498,1447499,100862,Shubhang Hegde,12,2,0,5,8.0
1447498,1447499,106205,Aditya Goyal,13,2,2,7,7.53
1447498,1447499,115464,Mohsin Khan,14,4,0,7,7.28
1447498,1447499,106205,Aditya Goyal,15,9,0,7,7.4
1447498,1447499,115464,Mohsin Khan,16,4,2,9,7.18
1447498,1447499,100862,Shubhang Hegde,17,1,1,10,7.25
1447498,1447499,112891,Sharan Goud,1,3,0,0,3.0
1447498,1447499,77873,Vijaykumar Vyshak,2,14,0,0,8.5
1447498,1447499,112891,Sharan Goud,3,9,0,0,8.66
1447498,1447499,77873,Vijaykumar Vyshak,4,11,0,0,9.25
1447498,1447499,103067,Prithviraj Shekhawat,5,12,0,0,9.8
1447498,1447499,112918,Monish Reddy,6,11,0,0,10.0
1447498,1447499,103067,Prithviraj Shekhawat,7,10,0,0,10.0
1447498,1447499,112918,Monish Reddy,8,9,0,0,9.87
1447498,1447499,77821,Praveen Dubey,9,9,0,0,9.77
1447498,1447499,77873,Vijaykumar Vyshak,10,14,1,1,10.2
1447498,1447499,77821,Praveen Dubey,11,9,0,1,10.09
1447498,1447499,77873,Vijaykumar Vyshak,12,6,0,1,10.63
1447498,1447529,112878,Santokh Singh,1,17,0,0,17.0
1447498,1447529,77837,Gneshwar Naveen,2,14,0,0,15.5
1447498,1447529,115464,Mohsin Khan,3,8,2,2,13.0
1447498,1447529,77837,Gneshwar Naveen,4,7,0,2,11.5
1447498,1447529,115464,Mohsin Khan,5,9,0,2,11.0
1447498,1447529,100873,Lavish Kaushal,6,8,1,3,10.5
1447498,1447529,115464,Mohsin Khan,7,8,0,3,10.14
1447498,1447529,100873,Lavish Kaushal,8,2,1,4,9.12
1447498,1447529,77825,Kranthi Kumar,9,6,1,5,8.77
1447498,1447529,100862,Shubhang Hegde,10,5,1,6,8.4
1447498,1447529,77825,Kranthi Kumar,11,6,0,6,8.18
1447498,1447529,100862,Shubhang Hegde,12,12,0,6,8.5
1447498,1447529,77825,Kranthi Kumar,13,5,0,6,8.23
1447498,1447529,77837,Gneshwar Naveen,14,4,0,6,7.92
1447498,1447529,77825,Kranthi Kumar,15,5,1,7,7.73
1447498,1447529,100862,Shubhang Hegde,16,6,1,8,7.62
1447498,1447529,100873,Lavish Kaushal,17,8,0,8,7.64
1447498,1447529,77837,Gneshwar Naveen,18,6,0,8,7.55
1447498,1447529,100873,Lavish Kaushal,19,16,0,8,8.0
1447498,1447529,112878,Santokh Singh,20,3,2,10,8.15
1447498,1447529,112918,Monish Reddy,1,16,0,0,16.0
1447498,1447529,77873,Vijaykumar Vyshak,2,7,0,0,11.5
1447498,1447529,112918,Monish Reddy,3,20,0,0,14.33
1447498,1447529,77873,Vijaykumar Vyshak,4,16,0,0,14.75
1447498,1447529,103067,Prithviraj Shekhawat,5,9,0,0,13.6
1447498,1447529,118074,Abhishek Prabhakar,6,10,0,0,13.0
1447498,1447529,77839,Rithesh Bhatkal,7,2,0,0,11.42
1447498,1447529,118074,Abhishek Prabhakar,8,10,0,0,11.25
1447498,1447529,77839,Rithesh Bhatkal,9,6,0,0,10.66
1447498,1447529,103067,Prithviraj Shekhawat,10,8,0,0,10.4
1447498,1447529,77839,Rithesh Bhatkal,11,9,0,0,10.27
1447498,1447529,77873,Vijaykumar Vyshak,12,11,0,0,10.33
1447498,1447529,77839,Rithesh Bhatkal,13,3,1,1,9.76
1447498,1447529,103067,Prithviraj Shekhawat,14,5,0,1,9.42
1447498,1447529,118074,Abhishek Prabhakar,15,6,0,1,9.2
1447498,1447529,103067,Prithviraj Shekhawat,16,5,0,1,8.93
1447498,1447529,118074,Abhishek Prabhakar,17,12,0,1,9.11
1447498,1447529,112918,Monish Reddy,18,4,0,1,9.35
1447498,1447522,112918,Monish Reddy,1,7,0,0,7.0
1447498,1447522,77873,Vijaykumar Vyshak,2,2,1,1,4.5
1447498,1447522,112918,Monish Reddy,3,7,0,1,5.33
1447498,1447522,77873,Vijaykumar Vyshak,4,12,1,2,7.0
1447498,1447522,118074,Abhishek Prabhakar,5,4,1,3,6.4
1447498,1447522,106185,Shimon Luiz,6,7,0,3,6.5
1447498,1447522,118074,Abhishek Prabhakar,7,3,1,4,6.0
1447498,1447522,106185,Shimon Luiz,8,9,0,4,6.37
1447498,1447522,118074,Abhishek Prabhakar,9,5,2,6,6.22
1447498,1447522,106185,Shimon Luiz,10,7,0,6,6.3
1447498,1447522,118074,Abhishek Prabhakar,11,12,0,6,6.81
1447498,1447522,77821,Praveen Dubey,12,7,0,6,6.83
1447498,1447522,103067,Prithviraj Shekhawat,13,11,0,6,7.15
1447498,1447522,77873,Vijaykumar Vyshak,14,7,1,7,7.14
1447498,1447522,77821,Praveen Dubey,15,5,0,7,7.0
1447498,1447522,103067,Prithviraj Shekhawat,16,9,0,7,7.12
1447498,1447522,112918,Monish Reddy,17,6,1,8,7.05
1447498,1447522,77821,Praveen Dubey,18,11,1,9,7.27
1447498,1447522,112918,Monish Reddy,19,11,0,9,7.47
1447498,1447522,77873,Vijaykumar Vyshak,20,11,0,9,7.65
1447498,1447522,77837,Gneshwar Naveen,1,3,0,0,3.0
1447498,1447522,115464,Mohsin Khan,2,8,0,0,5.5
1447498,1447522,77837,Gneshwar Naveen,3,6,0,0,5.66
1447498,1447522,100873,Lavish Kaushal,4,2,0,0,4.75
1447498,1447522,77837,Gneshwar Naveen,5,8,0,0,5.4
1447498,1447522,100873,Lavish Kaushal,6,11,0,0,6.33
1447498,1447522,77825,Kranthi Kumar,7,7,0,0,6.42
1447498,1447522,115464,Mohsin Khan,8,5,0,0,6.25
1447498,1447522,77825,Kranthi Kumar,9,13,0,0,7.0
1447498,1447522,100862,Shubhang Hegde,10,14,1,1,7.7
1447498,1447522,115464,Mohsin Khan,11,7,0,1,7.63
1447498,1447522,100862,Shubhang Hegde,12,4,0,1,7.33
1447498,1447522,115464,Mohsin Khan,13,5,0,1,7.15
1447498,1447522,77825,Kranthi Kumar,14,7,0,1,7.14
1447498,1447522,100873,Lavish Kaushal,15,11,1,2,7.4
1447498,1447522,100862,Shubhang Hegde,16,7,1,3,7.37
1447498,1447522,77837,Gneshwar Naveen,17,3,1,4,7.11
1447498,1447522,100862,Shubhang Hegde,18,14,0,4,7.5
1447498,1447522,100873,Lavish Kaushal,19,2,1,5,7.21
1447498,1447522,77825,Kranthi Kumar,20,14,0,5,7.55
1447498,1447515,112878,Santokh Singh,1,6,0,0,6.0
1447498,1447515,77837,Gneshwar Naveen,2,3,1,1,4.5
1447498,1447515,112878,Santokh Singh,3,21,0,1,10.0
1447498,1447515,77837,Gneshwar Naveen,4,6,0,1,9.0
1447498,1447515,100873,Lavish Kaushal,5,10,1,2,9.2
1447498,1447515,112878,Santokh Singh,6,7,0,2,8.83
1447498,1447515,115464,Mohsin Khan,7,7,0,2,8.57
1447498,1447515,100862,Shubhang Hegde,8,10,1,3,8.75
1447498,1447515,100873,Lavish Kaushal,9,3,1,4,8.11
1447498,1447515,100862,Shubhang Hegde,10,9,0,4,8.2
1447498,1447515,77825,Kranthi Kumar,11,4,0,4,7.81
1447498,1447515,77837,Gneshwar Naveen,12,4,0,4,7.5
1447498,1447515,115464,Mohsin Khan,13,9,0,4,7.61
1447498,1447515,77825,Kranthi Kumar,14,12,0,4,7.92
1447498,1447515,115464,Mohsin Khan,15,17,0,4,8.53
1447498,1447515,100873,Lavish Kaushal,16,5,2,6,8.31
1447498,1447515,77825,Kranthi Kumar,17,4,2,8,8.05
1447498,1447515,100873,Lavish Kaushal,18,0,1,9,7.61
1447498,1447515,77837,Gneshwar Naveen,19,13,0,9,7.89
1447498,1447515,77825,Kranthi Kumar,20,14,1,9,8.2
1447498,1447515,103088,Vidwath Kaverappa,1,1,1,1,1.0
1447498,1447515,112877,LR Kumar,2,7,0,1,4.0
1447498,1447515,103088,Vidwath Kaverappa,3,13,0,1,7.0
1447498,1447515,112877,LR Kumar,4,15,0,1,9.0
1447498,1447515,103088,Vidwath Kaverappa,5,5,1,2,8.2
1447498,1447515,115454,Manvanth Kumar,6,7,1,3,8.0
1447498,1447515,77835,KC Cariappa,7,4,0,3,7.42
1447498,1447515,106308,Shreesha Achar,8,6,0,3,7.25
1447498,1447515,77835,KC Cariappa,9,5,0,3,7.0
1447498,1447515,106308,Shreesha Achar,10,7,0,3,7.0
1447498,1447515,115454,Manvanth Kumar,11,7,1,4,7.0
1447498,1447515,106308,Shreesha Achar,12,12,0,4,7.41
1447498,1447515,77835,KC Cariappa,13,3,0,4,7.07
1447498,1447515,115454,Manvanth Kumar,14,8,1,5,7.14
1447498,1447515,106308,Shreesha Achar,15,12,0,5,7.46
1447498,1447515,77835,KC Cariappa,16,12,0,5,7.75
1447498,1447515,115454,Manvanth Kumar,17,11,3,7,7.94
1447498,1447515,112877,LR Kumar,18,8,0,7,7.94
1447498,1447515,103088,Vidwath Kaverappa,19,16,0,7,8.36
1447498,1447515,112877,LR Kumar,20,5,3,9,8.2
1447498,1447507,103088,Vidwath Kaverappa,1,3,1,1,3.0
1447498,1447507,112877,LR Kumar,2,7,0,1,5.0
1447498,1447507,103088,Vidwath Kaverappa,3,10,1,2,6.66
1447498,1447507,84541,Mitrakanth Yadav,4,9,0,2,7.25
1447498,1447507,115454,Manvanth Kumar,5,13,1,3,8.4
1447498,1447507,84541,Mitrakanth Yadav,6,9,0,3,8.5
1447498,1447507,115454,Manvanth Kumar,7,8,0,3,8.42
1447498,1447507,77835,KC Cariappa,8,8,0,3,8.37
1447498,1447507,106308,Shreesha Achar,9,4,1,4,7.88
1447498,1447507,77835,KC Cariappa,10,5,0,4,7.6
1447498,1447507,84541,Mitrakanth Yadav,11,4,1,5,7.27
1447498,1447507,112877,LR Kumar,12,2,2,7,6.83
1447498,1447507,106308,Shreesha Achar,13,3,0,7,6.53
1447498,1447507,112877,LR Kumar,14,8,0,7,6.64
1447498,1447507,77835,KC Cariappa,15,4,0,7,6.46
1447498,1447507,115454,Manvanth Kumar,16,4,1,8,6.31
1447498,1447507,77835,KC Cariappa,17,6,0,8,6.29
1447498,1447507,112877,LR Kumar,18,12,0,8,6.61
1447498,1447507,103088,Vidwath Kaverappa,19,10,1,9,6.78
1447498,1447507,115454,Manvanth Kumar,20,13,1,10,7.47
1447498,1447507,77837,Gneshwar Naveen,1,5,0,0,5.0
1447498,1447507,100873,Lavish Kaushal,2,15,0,0,10.0
1447498,1447507,77837,Gneshwar Naveen,3,3,1,1,7.66
1447498,1447507,115464,Mohsin Khan,4,6,0,1,7.25
1447498,1447507,77837,Gneshwar Naveen,5,2,0,1,6.2
1447498,1447507,115464,Mohsin Khan,6,8,0,1,6.5
1447498,1447507,77825,Kranthi Kumar,7,12,0,1,7.28
1447498,1447507,115464,Mohsin Khan,8,11,0,1,7.75
1447498,1447507,100873,Lavish Kaushal,9,10,0,1,8.0
1447498,1447507,60508,Aniruddha Joshi,10,10,0,1,8.2
1447498,1447507,100873,Lavish Kaushal,11,9,0,1,8.27
1447498,1447507,60508,Aniruddha Joshi,12,10,0,1,8.41
1447498,1447507,77825,Kranthi Kumar,13,6,1,2,8.23
1447498,1447507,77837,Gneshwar Naveen,14,5,0,2,8.0
1447498,1447507,100862,Shubhang Hegde,15,5,1,3,7.8
1447498,1447507,77825,Kranthi Kumar,16,3,1,4,7.5
1447498,1447507,100862,Shubhang Hegde,17,5,0,4,7.35
1447498,1447507,77825,Kranthi Kumar,18,8,1,5,7.38
1447498,1447507,115464,Mohsin Khan,19,11,0,5,8.0
1447498,1447514,103106,Abhilash Shetty,1,4,1,1,4.0
1447498,1447514,56596,Shreyas Gopal,2,6,0,1,5.0
1447498,1447514,103106,Abhilash Shetty,3,2,1,2,4.0
1447498,1447514,118080,Samarth Nagaraj,4,14,0,2,6.5
1447498,1447514,103106,Abhilash Shetty,5,0,1,3,5.2
1447498,1447514,112879,Paras Arya,6,8,0,3,5.66
1447498,1447514,103106,Abhilash Shetty,7,4,1,4,5.42
1447498,1447514,56596,Shreyas Gopal,8,8,0,4,5.75
1447498,1447514,112879,Paras Arya,9,6,0,4,5.77
1447498,1447514,56596,Shreyas Gopal,10,10,0,4,6.2
1447498,1447514,84639,MB Darshan,11,11,0,4,6.63
1447498,1447514,112908,Macneil Noronha,12,4,1,5,6.41
1447498,1447514,84639,MB Darshan,13,9,0,5,6.61
1447498,1447514,112908,Macneil Noronha,14,4,0,5,6.42
1447498,1447514,84639,MB Darshan,15,7,2,7,6.46
1447498,1447514,112908,Macneil Noronha,16,13,0,7,6.87
1447498,1447514,112879,Paras Arya,17,13,0,7,7.23
1447498,1447514,56596,Shreyas Gopal,18,8,0,7,7.27
1447498,1447514,84639,MB Darshan,19,4,2,9,7.1
1447498,1447514,112879,Paras Arya,20,9,1,9,7.2
1447498,1447514,112878,Santokh Singh,1,2,1,1,2.0
1447498,1447514,77837,Gneshwar Naveen,2,6,0,1,4.0
1447498,1447514,112878,Santokh Singh,3,2,1,2,3.33
1447498,1447514,77837,Gneshwar Naveen,4,12,0,2,5.5
1447498,1447514,112878,Santokh Singh,5,2,0,2,4.8
1447498,1447514,100873,Lavish Kaushal,6,8,0,2,5.33
1447498,1447514,100862,Shubhang Hegde,7,7,0,2,5.57
1447498,1447514,100873,Lavish Kaushal,8,7,0,2,5.75
1447498,1447514,100862,Shubhang Hegde,9,8,1,3,6.0
1447498,1447514,112878,Santokh Singh,10,5,0,3,5.9
1447498,1447514,100862,Shubhang Hegde,11,5,0,3,5.81
1447498,1447514,77825,Kranthi Kumar,12,7,1,4,5.91
1447498,1447514,100862,Shubhang Hegde,13,5,0,4,5.84
1447498,1447514,77825,Kranthi Kumar,14,8,0,4,6.0
1447498,1447514,77837,Gneshwar Naveen,15,11,0,4,6.33
1447498,1447514,100873,Lavish Kaushal,16,6,0,4,6.31
1447498,1447514,77825,Kranthi Kumar,17,19,0,4,7.05
1447498,1447514,100873,Lavish Kaushal,18,6,1,5,7.0
1447498,1447514,77837,Gneshwar Naveen,19,4,1,6,6.84
1447498,1447514,77825,Kranthi Kumar,20,8,1,7,6.9
1447498,1447519,103091,Vidyadhar Patil,1,18,1,1,18.0
1447498,1447519,77969,Codanda Ajit Karthik,2,7,0,1,12.5
1447498,1447519,103091,Vidyadhar Patil,3,7,0,1,10.66
1447498,1447519,77969,Codanda Ajit Karthik,4,5,1,2,9.25
1447498,1447519,106195,M Venkatesh,5,8,0,2,9.0
1447498,1447519,94720,Manoj Bhandage,6,13,0,2,9.66
1447498,1447519,60737,Krishnappa Gowtham,7,4,0,2,8.85
1447498,1447519,66101,Jagadeesha Suchith,8,9,0,2,8.87
1447498,1447519,76033,Sarfaraz Ashraf,9,15,0,2,9.55
1447498,1447519,66101,Jagadeesha Suchith,10,9,0,2,9.5
1447498,1447519,60737,Krishnappa Gowtham,11,7,0,2,9.27
1447498,1447519,66101,Jagadeesha Suchith,12,7,1,3,9.08
1447498,1447519,60737,Krishnappa Gowtham,13,13,0,3,9.38
1447498,1447519,66101,Jagadeesha Suchith,14,4,0,3,9.0
1447498,1447519,115459,Deepak Devadiga,15,5,0,3,8.73
1447498,1447519,77969,Codanda Ajit Karthik,16,10,0,3,8.81
1447498,1447519,115459,Deepak Devadiga,17,18,0,3,9.35
1447498,1447519,77969,Codanda Ajit Karthik,18,11,2,5,9.44
1447498,1447519,60737,Krishnappa Gowtham,19,3,2,7,9.1
1447498,1447519,94720,Manoj Bhandage,20,16,0,7,9.45
1447498,1447519,112878,Santokh Singh,1,13,0,0,13.0
1447498,1447519,77837,Gneshwar Naveen,2,5,0,0,9.0
1447498,1447519,112878,Santokh Singh,3,18,0,0,12.0
1447498,1447519,100862,Shubhang Hegde,4,9,1,1,11.25
1447498,1447519,77837,Gneshwar Naveen,5,9,0,1,10.8
1447498,1447519,100873,Lavish Kaushal,6,2,1,2,9.33
1447498,1447519,77825,Kranthi Kumar,7,7,1,3,9.0
1447498,1447519,100873,Lavish Kaushal,8,5,1,4,8.5
1447498,1447519,77825,Kranthi Kumar,9,3,0,4,7.88
1447498,1447519,112878,Santokh Singh,10,13,0,4,8.4
1447498,1447519,100862,Shubhang Hegde,11,7,0,4,8.27
1447498,1447519,60508,Aniruddha Joshi,12,10,2,6,8.41
1447498,1447519,100862,Shubhang Hegde,13,4,1,7,8.07
1447498,1447519,118088,Shikhar Shetty,14,7,0,7,8.0
1447498,1447519,77825,Kranthi Kumar,15,8,1,8,8.0
1447498,1447519,100862,Shubhang Hegde,16,9,1,9,8.06
1447498,1447519,100873,Lavish Kaushal,17,3,0,9,7.76
1447498,1447519,77825,Kranthi Kumar,18,1,1,10,7.82
1447498,1447502,100873,Lavish Kaushal,1,16,0,0,16.0
1447498,1447502,106205,Aditya Goyal,2,16,1,1,16.0
1447498,1447502,100873,Lavish Kaushal,3,5,0,1,12.33
1447498,1447502,106205,Aditya Goyal,4,9,0,1,11.5
1447498,1447502,77837,Gneshwar Naveen,5,5,1,2,10.2
1447498,1447502,77825,Kranthi Kumar,6,6,1,3,9.5
1447498,1447502,77837,Gneshwar Naveen,7,8,2,5,9.28
1447498,1447502,100862,Shubhang Hegde,8,8,0,5,9.12
1447498,1447502,77837,Gneshwar Naveen,9,4,0,5,8.55
1447498,1447502,77825,Kranthi Kumar,10,3,0,5,8.0
1447498,1447502,106205,Aditya Goyal,11,12,0,5,8.36
1447498,1447502,100862,Shubhang Hegde,12,6,0,5,8.16
1447498,1447502,77825,Kranthi Kumar,13,11,0,5,8.38
1447498,1447502,100862,Shubhang Hegde,14,20,0,5,9.21
1447498,1447502,106205,Aditya Goyal,15,10,0,5,9.26
1447498,1447502,100873,Lavish Kaushal,16,8,0,5,9.18
1447498,1447502,77837,Gneshwar Naveen,17,9,1,6,9.17
1447498,1447502,100873,Lavish Kaushal,18,26,0,6,10.11
1447498,1447502,103091,Vidyadhar Patil,1,7,0,0,7.0
1447498,1447502,77969,Codanda Ajit Karthik,2,0,1,1,3.5
1447498,1447502,103091,Vidyadhar Patil,3,10,0,1,5.66
1447498,1447502,77969,Codanda Ajit Karthik,4,8,0,1,6.25
1447498,1447502,66101,Jagadeesha Suchith,5,19,0,1,8.8
1447498,1447502,60737,Krishnappa Gowtham,6,10,0,1,9.0
1447498,1447502,115461,Gautam Mishra,7,12,0,1,9.42
1447498,1447502,110995,Dhanush Gowda,8,18,0,1,10.5
1447498,1447502,77969,Codanda Ajit Karthik,9,17,1,2,11.22
1447498,1447502,60737,Krishnappa Gowtham,10,11,0,2,11.2
1447498,1447502,66101,Jagadeesha Suchith,11,9,1,3,11.0
1447498,1447502,60737,Krishnappa Gowtham,12,13,0,3,11.16
1447498,1447502,"115461, 94720","Gautam Mishra, Manoj Bhandage",13,6,1,4,10.76
1447498,1447502,103091,Vidyadhar Patil,14,8,0,4,10.57
1447498,1447502,94720,Manoj Bhandage,15,14,0,4,10.8
1447498,1447502,103091,Vidyadhar Patil,16,8,2,6,10.62
1447498,1447502,77969,Codanda Ajit Karthik,17,12,0,6,10.7
1447498,1447502,66101,Jagadeesha Suchith,18,1,0,6,10.76
1447498,1447531,112878,Santokh Singh,1,3,0,0,3.0
1447498,1447531,77837,Gneshwar Naveen,2,12,0,0,7.5
1447498,1447531,112878,Santokh Singh,3,11,0,0,8.66
1447498,1447531,77837,Gneshwar Naveen,4,5,1,1,7.75
1447498,1447531,112878,Santokh Singh,5,14,0,1,9.0
1447498,1447531,100873,Lavish Kaushal,6,7,0,1,8.66
1447498,1447531,77825,Kranthi Kumar,7,8,0,1,8.57
1447498,1447531,100873,Lavish Kaushal,8,10,0,1,8.75
1447498,1447531,100862,Shubhang Hegde,9,6,0,1,8.44
1447498,1447531,77825,Kranthi Kumar,10,6,0,1,8.2
1447498,1447531,100862,Shubhang Hegde,11,12,0,1,8.54
1447498,1447531,77825,Kranthi Kumar,12,3,0,1,8.08
1447498,1447531,77837,Gneshwar Naveen,13,12,0,1,8.38
1447498,1447531,100862,Shubhang Hegde,14,3,1,2,8.0
1447498,1447531,77825,Kranthi Kumar,15,7,1,3,7.93
1447498,1447531,100862,Shubhang Hegde,16,21,0,3,8.75
1447498,1447531,100873,Lavish Kaushal,17,17,0,3,9.23
1447498,1447531,77837,Gneshwar Naveen,18,16,1,4,9.61
1447498,1447531,100873,Lavish Kaushal,19,10,0,4,9.63
1447498,1447531,112878,Santokh Singh,20,24,0,4,10.35
1447498,1447531,103091,Vidyadhar Patil,1,9,1,1,9.0
1447498,1447531,77969,Codanda Ajit Karthik,2,3,0,1,6.0
1447498,1447531,103091,Vidyadhar Patil,3,1,1,2,4.33
1447498,1447531,77969,Codanda Ajit Karthik,4,7,0,2,5.0
1447498,1447531,103091,Vidyadhar Patil,5,6,0,2,5.2
1447498,1447531,110995,Dhanush Gowda,6,13,1,3,6.5
1447498,1447531,66101,Jagadeesha Suchith,7,8,0,3,6.71
1447498,1447531,60737,Krishnappa Gowtham,8,9,0,3,7.0
1447498,1447531,66101,Jagadeesha Suchith,9,13,0,3,7.66
1447498,1447531,60737,Krishnappa Gowtham,10,3,2,5,7.2
1447498,1447531,115459,Deepak Devadiga,11,3,0,5,6.81
1447498,1447531,60737,Krishnappa Gowtham,12,9,0,5,7.0
1447498,1447531,115459,Deepak Devadiga,13,8,1,6,7.07
1447498,1447531,60737,Krishnappa Gowtham,14,3,0,6,6.78
1447498,1447531,115459,Deepak Devadiga,15,10,0,6,7.0
1447498,1447531,103091,Vidyadhar Patil,16,3,1,7,6.75
1447498,1447531,77969,Codanda Ajit Karthik,17,19,0,7,7.47
1447498,1447531,94720,Manoj Bhandage,18,8,0,7,7.5
1447498,1447531,77969,Codanda Ajit Karthik,19,16,1,8,7.94
1447498,1447531,66101,Jagadeesha Suchith,20,11,0,8,8.1
1447498,1447526,112878,Santokh Singh,1,7,0,0,7.0
1447498,1447526,77847,Prateek Jain,2,8,0,0,7.5
1447498,1447526,112878,Santokh Singh,3,10,0,0,8.33
1447498,1447526,77847,Prateek Jain,4,4,1,1,7.25
1447498,1447526,106205,Aditya Goyal,5,1,1,2,6.0
1447498,1447526,77847,Prateek Jain,6,5,0,2,5.83
1447498,1447526,106205,Aditya Goyal,7,14,0,2,7.0
1447498,1447526,100873,Lavish Kaushal,8,3,0,2,6.5
1447498,1447526,118088,Shikhar Shetty,9,17,0,2,7.66
1447498,1447526,112878,Santokh Singh,10,5,1,3,7.4
1447498,1447526,100873,Lavish Kaushal,11,10,0,3,7.63
1447498,1447526,106205,Aditya Goyal,12,14,0,3,8.16
1447498,1447526,118088,Shikhar Shetty,13,11,0,3,8.38
1447498,1447526,100873,Lavish Kaushal,14,2,1,4,7.92
1447498,1447526,100862,Shubhang Hegde,15,14,0,4,8.33
1447498,1447526,112878,Santokh Singh,16,25,0,4,9.37
1447498,1447526,77847,Prateek Jain,17,14,0,4,9.64
1447498,1447526,100862,Shubhang Hegde,18,20,0,4,10.22
1447498,1447526,100873,Lavish Kaushal,19,18,0,4,10.63
1447498,1447526,106205,Aditya Goyal,20,25,1,5,11.35
1447498,1447526,63539,Vasuki Koushik,1,11,0,0,11.0
1447498,1447526,63577,HS Sharath,2,7,1,1,9.0
1447498,1447526,63539,Vasuki Koushik,3,8,0,1,8.66
1447498,1447526,63577,HS Sharath,4,12,1,2,9.5
1447498,1447526,84665,Doddamani Anand,5,12,0,2,10.0
1447498,1447526,112897,Rajvir Wadhwa,6,6,1,3,9.33
1447498,1447526,115450,Hardik Raj,7,5,1,4,8.71
1447498,1447526,112897,Rajvir Wadhwa,8,14,0,4,9.37
1447498,1447526,115450,Hardik Raj,9,12,0,4,9.66
1447498,1447526,115668,D Ashok,10,13,0,4,10.0
1447498,1447526,115450,Hardik Raj,11,17,0,4,10.63
1447498,1447526,118073,Dhruv Prabhakar,12,7,0,4,10.33
1447498,1447526,63539,Vasuki Koushik,13,8,0,4,10.15
1447498,1447526,118073,Dhruv Prabhakar,14,15,0,4,10.5
1447498,1447526,112897,Rajvir Wadhwa,15,19,0,4,11.06
1447498,1447526,63577,HS Sharath,16,14,0,4,11.25
1447498,1447526,84665,Doddamani Anand,17,13,0,4,11.35
1447498,1447526,63577,HS Sharath,18,15,0,4,11.55
1447498,1447526,63539,Vasuki Koushik,19,20,0,4,12.0
1447498,1447506,106205,Aditya Goyal,1,2,0,0,2.0
1447498,1447506,100873,Lavish Kaushal,2,2,0,0,2.0
1447498,1447506,106205,Aditya Goyal,3,19,1,1,7.66
1447498,1447506,100873,Lavish Kaushal,4,13,0,1,9.0
1447498,1447506,77837,Gneshwar Naveen,5,6,0,1,8.4
1447498,1447506,100862,Shubhang Hegde,6,2,2,3,7.33
1447498,1447506,77837,Gneshwar Naveen,7,5,0,3,7.0
1447498,1447506,100862,Shubhang Hegde,8,5,0,3,6.75
1447498,1447506,77825,Kranthi Kumar,9,8,1,4,6.88
1447498,1447506,100873,Lavish Kaushal,10,10,1,5,7.2
1447498,1447506,77825,Kranthi Kumar,11,7,0,5,7.18
1447498,1447506,115464,Mohsin Khan,12,10,1,6,7.41
1447498,1447506,100862,Shubhang Hegde,13,11,0,6,7.69
1447498,1447506,115464,Mohsin Khan,14,4,0,6,7.42
1447498,1447506,100862,Shubhang Hegde,15,14,0,6,7.86
1447498,1447506,106205,Aditya Goyal,16,6,0,6,7.75
1447498,1447506,77837,Gneshwar Naveen,17,11,1,7,7.94
1447498,1447506,106205,Aditya Goyal,18,14,0,7,8.27
1447498,1447506,77837,Gneshwar Naveen,19,4,0,7,8.05
1447498,1447506,100873,Lavish Kaushal,20,10,2,9,8.15
1447498,1447506,115450,Hardik Raj,1,6,0,0,6.0
1447498,1447506,63539,Vasuki Koushik,2,5,0,0,5.5
1447498,1447506,115450,Hardik Raj,3,11,0,0,7.33
1447498,1447506,63539,Vasuki Koushik,4,7,0,0,7.25
1447498,1447506,63577,HS Sharath,5,19,0,0,9.6
1447498,1447506,84665,Doddamani Anand,6,13,1,1,10.16
1447498,1447506,112897,Rajvir Wadhwa,7,12,0,1,10.42
1447498,1447506,84665,Doddamani Anand,8,7,0,1,10.0
1447498,1447506,84631,Bharath Dhuri,9,6,0,1,9.55
1447498,1447506,84665,Doddamani Anand,10,3,1,2,8.9
1447498,1447506,84631,Bharath Dhuri,11,14,0,2,9.36
1447498,1447506,115450,Hardik Raj,12,8,0,2,9.25
1447498,1447506,63539,Vasuki Koushik,13,6,0,2,9.0
1447498,1447506,115450,Hardik Raj,14,15,0,2,9.42
1447498,1447506,112897,Rajvir Wadhwa,15,15,0,2,9.8
1447498,1447506,63577,HS Sharath,16,6,0,2,9.56
1447498,1447506,63539,Vasuki Koushik,17,7,1,3,9.41
1447498,1447506,63577,HS Sharath,18,8,0,3,9.88
1447498,1447528,112918,Monish Reddy,1,11,0,0,11.0
1447498,1447528,77873,Vijaykumar Vyshak,2,9,1,1,10.0
1447498,1447528,118074,Abhishek Prabhakar,3,8,0,1,9.33
1447498,1447528,77873,Vijaykumar Vyshak,4,8,0,1,9.0
1447498,1447528,112918,Monish Reddy,5,7,1,2,8.6
1447498,1447528,77839,Rithesh Bhatkal,6,3,0,2,7.66
1447498,1447528,115467,Aaditya Nair,7,14,0,2,8.57
1447498,1447528,77839,Rithesh Bhatkal,8,9,0,2,8.62
1447498,1447528,118074,Abhishek Prabhakar,9,5,1,3,8.22
1447498,1447528,77839,Rithesh Bhatkal,10,10,0,3,8.4
1447498,1447528,103067,Prithviraj Shekhawat,11,3,0,3,7.9
1447498,1447528,77839,Rithesh Bhatkal,12,8,0,3,7.91
1447498,1447528,103067,Prithviraj Shekhawat,13,13,1,4,7.69
1447498,1447528,115467,Aaditya Nair,14,7,0,4,7.64
1447498,1447528,103067,Prithviraj Shekhawat,15,8,0,4,7.66
1447498,1447528,118074,Abhishek Prabhakar,16,17,0,4,8.25
1447498,1447528,103067,Prithviraj Shekhawat,17,16,0,4,8.7
1447498,1447528,112918,Monish Reddy,18,7,1,5,8.61
1447498,1447528,118074,Abhishek Prabhakar,19,15,0,5,8.94
1447498,1447528,112918,Monish Reddy,20,9,2,7,8.95
1447498,1447528,103088,Vidwath Kaverappa,1,1,1,1,1.0
1447498,1447528,118076,Nishchith Pai,2,16,0,1,8.5
1447498,1447528,103088,Vidwath Kaverappa,3,4,1,2,7.0
1447498,1447528,115454,Manvanth Kumar,4,7,0,2,7.0
1447498,1447528,77835,KC Cariappa,5,5,1,3,6.6
1447498,1447528,118076,Nishchith Pai,6,14,0,3,7.83
1447498,1447528,77835,KC Cariappa,7,5,0,3,7.42
1447498,1447528,118079,Madhav Bajaj,8,9,0,3,7.62
1447498,1447528,115454,Manvanth Kumar,9,9,0,3,7.77
1447498,1447528,118079,Madhav Bajaj,10,4,1,4,7.4
1447498,1447528,115454,Manvanth Kumar,11,9,0,4,7.54
1447498,1447528,77835,KC Cariappa,12,6,0,4,7.41
1447498,1447528,118076,Nishchith Pai,13,20,0,4,8.38
1447498,1447528,77835,KC Cariappa,14,4,1,5,8.07
1447498,1447528,118079,Madhav Bajaj,15,14,1,6,8.46
1447498,1447528,103088,Vidwath Kaverappa,16,9,0,6,8.5
1447498,1447528,115454,Manvanth Kumar,17,18,0,6,9.05
1447498,1447528,118079,Madhav Bajaj,18,8,0,6,9.0
1447498,1447528,103088,Vidwath Kaverappa,19,17,0,6,9.42
1447498,1447528,118076,Nishchith Pai,20,4,0,6,9.63
1447498,1447504,103088,Vidwath Kaverappa,1,8,0,0,8.0
1447498,1447504,112877,LR Kumar,2,12,0,0,10.0
1447498,1447504,103088,Vidwath Kaverappa,3,3,0,0,7.66
1447498,1447504,115454,Manvanth Kumar,4,6,0,0,7.25
1447498,1447504,106204,Rishi Bopanna,5,8,0,0,7.4
1447498,1447504,115454,Manvanth Kumar,6,15,0,0,8.66
1447498,1447504,106308,Shreesha Achar,7,11,0,0,9.0
1447498,1447504,106204,Rishi Bopanna,8,15,0,0,9.75
1447498,1447504,77835,KC Cariappa,9,3,1,1,9.0
1447498,1447504,106204,Rishi Bopanna,10,8,1,2,8.9
1447498,1447504,77835,KC Cariappa,11,8,0,2,8.81
1447498,1447504,106204,Rishi Bopanna,12,4,0,2,8.41
1447498,1447504,106308,Shreesha Achar,13,4,1,3,8.07
1447498,1447504,77835,KC Cariappa,14,1,1,4,7.57
1447498,1447504,106308,Shreesha Achar,15,6,0,4,7.46
1447498,1447504,115454,Manvanth Kumar,16,9,0,4,7.56
1447498,1447504,77835,KC Cariappa,17,10,1,5,7.7
1447498,1447504,112877,LR Kumar,18,11,1,6,7.88
1447498,1447504,103088,Vidwath Kaverappa,19,4,1,7,7.68
1447498,1447504,112877,LR Kumar,20,12,2,9,7.9
1447498,1447504,112918,Monish Reddy,1,7,1,1,7.0
1447498,1447504,77873,Vijaykumar Vyshak,2,8,1,2,7.5
1447498,1447504,112918,Monish Reddy,3,5,0,2,6.66
1447498,1447504,77873,Vijaykumar Vyshak,4,4,0,2,6.0
1447498,1447504,112918,Monish Reddy,5,4,0,2,5.6
1447498,1447504,112914,Yashovardhan Parantap,6,7,0,2,5.83
1447498,1447504,112891,Sharan Goud,7,11,0,2,6.57
1447498,1447504,112914,Yashovardhan Parantap,8,11,0,2,7.12
1447498,1447504,103067,Prithviraj Shekhawat,9,7,0,2,7.11
1447498,1447504,77839,Rithesh Bhatkal,10,15,0,2,7.9
1447498,1447504,103067,Prithviraj Shekhawat,11,3,0,2,7.45
1447498,1447504,77873,Vijaykumar Vyshak,12,10,1,3,7.66
1447498,1447504,103067,Prithviraj Shekhawat,13,9,1,4,7.76
1447498,1447504,112891,Sharan Goud,14,8,0,4,7.78
1447498,1447504,103067,Prithviraj Shekhawat,15,12,0,4,8.06
1447498,1447504,112914,Yashovardhan Parantap,16,8,0,4,8.06
1447498,1447504,112918,Monish Reddy,17,11,0,4,8.23
1447498,1447504,77873,Vijaykumar Vyshak,18,8,0,4,8.22
1447498,1447504,112891,Sharan Goud,19,12,0,4,8.88
1447498,1447510,103106,Abhilash Shetty,1,0,0,0,0.0
1447498,1447510,118080,Samarth Nagaraj,2,14,0,0,7.0
1447498,1447510,103106,Abhilash Shetty,3,0,0,0,4.66
1447498,1447510,112908,Macneil Noronha,4,15,0,0,7.25
1447498,1447510,118080,Samarth Nagaraj,5,10,0,0,7.8
1447498,1447510,84639,MB Darshan,6,10,0,0,8.16
1447498,1447510,56596,Shreyas Gopal,7,4,0,0,7.57
1447498,1447510,112908,Macneil Noronha,8,2,0,0,6.87
1447498,1447510,56596,Shreyas Gopal,9,9,1,1,7.11
1447498,1447510,112908,Macneil Noronha,10,9,0,1,7.3
1447498,1447510,56596,Shreyas Gopal,11,2,1,2,6.81
1447498,1447510,115560,KS Lankes,12,4,1,3,6.58
1447498,1447510,56596,Shreyas Gopal,13,4,0,3,6.38
1447498,1447510,112879,Paras Arya,14,3,1,4,6.14
1447498,1447510,118080,Samarth Nagaraj,15,10,0,4,6.4
1447498,1447510,112879,Paras Arya,16,17,0,4,7.06
1447498,1447510,118080,Samarth Nagaraj,17,9,1,5,7.17
1447498,1447510,103106,Abhilash Shetty,18,20,0,5,7.88
1447498,1447510,112879,Paras Arya,19,4,2,7,7.68
1447498,1447510,103106,Abhilash Shetty,20,23,3,9,8.45
1447498,1447510,112918,Monish Reddy,1,9,0,0,9.0
1447498,1447510,77873,Vijaykumar Vyshak,2,1,0,0,5.0
1447498,1447510,112918,Monish Reddy,3,17,0,0,9.0
1447498,1447510,77839,Rithesh Bhatkal,4,11,0,0,9.5
1447498,1447510,77873,Vijaykumar Vyshak,5,8,0,0,11.5
1447498,1447516,112918,Monish Reddy,1,14,0,0,14.0
1447498,1447516,77839,Rithesh Bhatkal,2,9,0,0,11.5
1447498,1447516,112918,Monish Reddy,3,5,0,0,9.33
1447498,1447516,118074,Abhishek Prabhakar,4,9,0,0,9.25
1447498,1447516,77839,Rithesh Bhatkal,5,6,1,1,8.6
1447498,1447516,103067,Prithviraj Shekhawat,6,6,1,2,8.16
1447498,1447516,77821,Praveen Dubey,7,12,0,2,8.71
1447498,1447516,103067,Prithviraj Shekhawat,8,4,1,3,8.12
1447498,1447516,77821,Praveen Dubey,9,4,0,3,7.66
1447498,1447516,103067,Prithviraj Shekhawat,10,5,0,3,7.4
1447498,1447516,77821,Praveen Dubey,11,10,0,3,7.63
1447498,1447516,103067,Prithviraj Shekhawat,12,5,0,3,7.41
1447498,1447516,118074,Abhishek Prabhakar,13,9,1,4,7.53
1447498,1447516,77839,Rithesh Bhatkal,14,4,0,4,7.28
1447498,1447516,77821,Praveen Dubey,15,8,1,5,7.33
1447498,1447516,77839,Rithesh Bhatkal,16,10,0,5,7.5
1447498,1447516,112918,Monish Reddy,17,8,1,6,7.52
1447498,1447516,118074,Abhishek Prabhakar,18,6,0,6,7.44
1447498,1447516,112918,Monish Reddy,19,7,1,6,7.42
1447498,1447516,118074,Abhishek Prabhakar,20,9,0,7,7.5
1447498,1447516,103106,Abhilash Shetty,1,7,1,1,7.0
1447498,1447516,115562,Advith Shetty,2,12,0,1,9.5
1447498,1447516,112908,Macneil Noronha,3,3,0,1,7.33
1447498,1447516,103106,Abhilash Shetty,4,13,0,1,8.75
1447498,1447516,112908,Macneil Noronha,5,12,0,1,9.4
1447498,1447516,56596,Shreyas Gopal,6,2,1,2,8.16
1447498,1447516,112908,Macneil Noronha,7,0,1,3,7.0
1447498,1447516,56596,Shreyas Gopal,8,3,0,3,6.5
1447498,1447516,112908,Macneil Noronha,9,6,1,4,6.44
1447498,1447516,56596,Shreyas Gopal,10,4,0,4,6.2
1447498,1447516,112879,Paras Arya,11,4,0,4,6.0
1447498,1447516,56596,Shreyas Gopal,12,4,0,4,5.83
1447498,1447516,84639,MB Darshan,13,9,1,5,6.07
1447498,1447516,112879,Paras Arya,14,5,0,5,6.0
1447498,1447516,84639,MB Darshan,15,15,0,5,6.6
1447498,1447516,112879,Paras Arya,16,5,0,5,6.5
1447498,1447516,103106,Abhilash Shetty,17,18,0,5,7.17
1447498,1447516,112879,Paras Arya,18,11,0,5,7.38
1447498,1447516,115562,Advith Shetty,19,8,0,5,7.42
1447498,1447516,84639,MB Darshan,20,11,0,5,8.0
1447498,1447517,112918,Monish Reddy,1,3,0,0,3.0
1447498,1447517,77873,Vijaykumar Vyshak,2,9,0,0,4.5
1447498,1447517,112918,Monish Reddy,3,14,1,0,7.66
1447498,1447517,77873,Vijaykumar Vyshak,4,2,1,2,6.25
1447498,1447517,103067,Prithviraj Shekhawat,5,12,0,2,7.4
1447498,1447517,118074,Abhishek Prabhakar,6,3,1,3,6.66
1447498,1447517,103067,Prithviraj Shekhawat,7,4,0,3,6.28
1447498,1447517,118074,Abhishek Prabhakar,8,6,1,4,6.25
1447498,1447517,77821,Praveen Dubey,9,2,0,4,5.77
1447498,1447517,103067,Prithviraj Shekhawat,10,11,0,4,6.3
1447498,1447517,77821,Praveen Dubey,11,3,1,5,6.0
1447498,1447517,118074,Abhishek Prabhakar,12,2,2,7,5.66
1447498,1447517,77839,Rithesh Bhatkal,13,2,0,7,5.38
1447498,1447517,77821,Praveen Dubey,14,5,0,7,5.35
1447498,1447517,77839,Rithesh Bhatkal,15,4,0,7,5.26
1447498,1447517,77821,Praveen Dubey,16,9,0,7,5.5
1447498,1447517,118074,Abhishek Prabhakar,17,12,1,8,5.88
1447498,1447517,77873,Vijaykumar Vyshak,18,14,0,8,6.33
1447498,1447517,112918,Monish Reddy,19,14,0,8,6.73
1447498,1447517,77873,Vijaykumar Vyshak,20,26,1,9,7.7
1447498,1447517,103091,Vidyadhar Patil,1,14,0,0,14.0
1447498,1447517,60737,Krishnappa Gowtham,2,8,0,0,11.0
1447498,1447517,103091,Vidyadhar Patil,3,7,0,0,9.66
1447498,1447517,60737,Krishnappa Gowtham,4,6,0,0,8.75
1447498,1447517,103091,Vidyadhar Patil,5,6,1,1,8.2
1447498,1447517,66101,Jagadeesha Suchith,6,9,0,1,8.33
1447498,1447517,60737,Krishnappa Gowtham,7,6,1,2,8.0
1447498,1447517,66101,Jagadeesha Suchith,8,4,0,2,7.5
1447498,1447517,60737,Krishnappa Gowtham,9,3,0,2,7.0
1447498,1447517,66101,Jagadeesha Suchith,10,7,0,2,7.0
1447498,1447517,115459,Deepak Devadiga,11,8,0,2,7.09
1447498,1447517,66101,Jagadeesha Suchith,12,10,0,2,7.33
1447498,1447517,94720,Manoj Bhandage,13,9,1,3,7.46
1447498,1447517,115459,Deepak Devadiga,14,11,0,3,7.71
1447498,1447517,94720,Manoj Bhandage,15,5,0,3,7.53
1447498,1447517,106195,M Venkatesh,16,10,0,3,7.68
1447498,1447517,94720,Manoj Bhandage,17,11,0,3,7.88
1447498,1447517,106195,M Venkatesh,18,12,1,4,8.11
1447498,1447517,94720,Manoj Bhandage,19,11,1,5,8.72
1447498,1447505,112918,Monish Reddy,1,5,0,0,5.0
1447498,1447505,77873,Vijaykumar Vyshak,2,10,0,0,7.5
1447498,1447505,112918,Monish Reddy,3,2,0,0,5.66
1447498,1447505,103067,Prithviraj Shekhawat,4,6,2,2,5.75
1447498,1447505,112918,Monish Reddy,5,12,0,2,7.0
1447498,1447505,103067,Prithviraj Shekhawat,6,12,0,2,7.83
1447498,1447505,77873,Vijaykumar Vyshak,7,8,0,2,7.85
1447498,1447505,77821,Praveen Dubey,8,9,0,2,8.0
1447498,1447505,103067,Prithviraj Shekhawat,9,11,0,2,8.33
1447498,1447505,77821,Praveen Dubey,10,10,0,2,8.5
1447498,1447505,112914,Yashovardhan Parantap,11,8,0,2,8.45
1447498,1447505,112891,Sharan Goud,12,11,1,3,8.66
1447498,1447505,112914,Yashovardhan Parantap,13,11,0,3,8.84
1447498,1447505,77821,Praveen Dubey,14,13,0,3,9.14
1447498,1447505,112918,Monish Reddy,15,6,2,5,8.93
1447498,1447505,112914,Yashovardhan Parantap,16,10,1,6,9.0
1447498,1447505,77873,Vijaykumar Vyshak,17,11,0,6,9.11
1447498,1447505,112891,Sharan Goud,18,26,0,6,10.05
1447498,1447505,77873,Vijaykumar Vyshak,19,9,1,7,10.0
1447498,1447505,112914,Yashovardhan Parantap,20,6,1,8,9.8
1447498,1447505,103091,Vidyadhar Patil,1,6,1,1,6.0
1447498,1447505,77969,Codanda Ajit Karthik,2,6,1,2,6.0
1447498,1447505,103091,Vidyadhar Patil,3,10,0,2,7.33
1447498,1447505,77969,Codanda Ajit Karthik,4,8,0,2,7.5
1447498,1447505,60737,Krishnappa Gowtham,5,10,0,2,8.0
1447498,1447505,110995,Dhanush Gowda,6,16,0,2,9.33
1447498,1447505,94720,Manoj Bhandage,7,4,2,4,8.57
1447498,1447505,110995,Dhanush Gowda,8,9,0,4,8.62
1447498,1447505,94720,Manoj Bhandage,9,13,0,4,9.11
1447498,1447505,60737,Krishnappa Gowtham,10,12,0,4,9.4
1447498,1447505,115459,Deepak Devadiga,11,9,0,4,9.36
1447498,1447505,60737,Krishnappa Gowtham,12,4,1,5,8.91
1447498,1447505,115459,Deepak Devadiga,13,7,0,5,8.76
1447498,1447505,60737,Krishnappa Gowtham,14,10,0,5,8.85
1447498,1447505,115459,Deepak Devadiga,15,12,0,5,9.06
1447498,1447505,94720,Manoj Bhandage,16,10,0,5,9.12
1447498,1447505,103091,Vidyadhar Patil,17,13,0,5,9.35
1447498,1447505,77969,Codanda Ajit Karthik,18,15,0,5,9.66
1447498,1447505,103091,Vidyadhar Patil,19,13,1,6,9.84
1447498,1447505,94720,Manoj Bhandage,20,13,1,7,10.0
1447498,1447511,112918,Monish Reddy,1,5,0,0,5.0
1447498,1447511,77839,Rithesh Bhatkal,2,13,1,1,9.0
1447498,1447511,112918,Monish Reddy,3,2,1,2,6.66
1447498,1447511,77839,Rithesh Bhatkal,4,7,0,2,6.75
1447498,1447511,103067,Prithviraj Shekhawat,5,3,1,3,6.0
1447498,1447511,112914,Yashovardhan Parantap,6,0,1,4,5.0
1447498,1447511,103067,Prithviraj Shekhawat,7,4,0,4,4.85
1447498,1447511,112914,Yashovardhan Parantap,8,10,0,4,5.5
1447498,1447511,118074,Abhishek Prabhakar,9,3,0,4,5.22
1447498,1447511,112891,Sharan Goud,10,9,0,4,5.6
1447498,1447511,118074,Abhishek Prabhakar,11,5,1,5,5.54
1447498,1447511,112918,Monish Reddy,12,5,0,5,5.5
1447498,1447511,118074,Abhishek Prabhakar,13,2,1,6,5.23
1447498,1447511,112891,Sharan Goud,14,10,0,6,5.57
1447498,1447511,118074,Abhishek Prabhakar,15,13,1,7,6.06
1447498,1447511,112918,Monish Reddy,16,10,0,7,6.31
1447498,1447511,112914,Yashovardhan Parantap,17,14,1,8,6.76
1447498,1447511,112891,Sharan Goud,18,11,1,9,7.0
1447498,1447511,112914,Yashovardhan Parantap,19,0,1,10,7.0
1447498,1447511,63539,Vasuki Koushik,1,11,0,0,11.0
1447498,1447511,84641,Thippeswamy Pradeep,2,20,0,0,15.5
1447498,1447511,118073,Dhruv Prabhakar,3,12,0,0,14.33
1447498,1447511,115460,Aditya Mani,4,18,0,0,15.25
1447498,1447511,63539,Vasuki Koushik,5,5,0,0,13.2
1447498,1447511,118073,Dhruv Prabhakar,6,2,0,0,11.33
1447498,1447511,100863,D Avinash,7,4,0,0,10.28
1447498,1447511,118073,Dhruv Prabhakar,8,8,1,1,9.5
1447498,1447511,63539,Vasuki Koushik,9,6,0,1,9.11
1447498,1447511,118073,Dhruv Prabhakar,10,11,0,1,9.3
1447498,1447511,115460,Aditya Mani,11,23,0,1,10.54
1447498,1447511,115450,Hardik Raj,12,11,0,1,11.54
1447498,1447523,63539,Vasuki Koushik,1,0,1,1,0.0
1447498,1447523,84665,Doddamani Anand,2,6,0,1,3.0
1447498,1447523,63539,Vasuki Koushik,3,3,0,1,3.0
1447498,1447523,84665,Doddamani Anand,4,19,0,1,7.0
1447498,1447523,63577,HS Sharath,5,13,0,1,8.2
1447498,1447523,63539,Vasuki Koushik,6,4,0,1,7.5
1447498,1447523,115450,Hardik Raj,7,12,0,1,8.14
1447498,1447523,100863,D Avinash,8,14,0,1,8.87
1447498,1447523,115450,Hardik Raj,9,5,1,2,8.44
1447498,1447523,115668,D Ashok,10,4,1,3,8.0
1447498,1447523,115450,Hardik Raj,11,4,0,3,7.63
1447498,1447523,115668,D Ashok,12,11,0,3,7.91
1447498,1447523,115450,Hardik Raj,13,14,0,3,8.38
1447498,1447523,84631,Bharath Dhuri,14,17,0,3,9.0
1447498,1447523,84665,Doddamani Anand,15,15,0,3,9.4
1447498,1447523,115668,D Ashok,16,9,1,4,9.37
1447498,1447523,63577,HS Sharath,17,6,0,4,9.17
1447498,1447523,100863,D Avinash,18,18,0,4,9.66
1447498,1447523,63539,Vasuki Koushik,19,9,0,4,9.63
1447498,1447523,63577,HS Sharath,20,23,1,5,10.3
1447498,1447523,118074,Abhishek Prabhakar,1,4,0,0,4.0
1447498,1447523,106185,Shimon Luiz,2,13,0,0,8.5
1447498,1447523,118074,Abhishek Prabhakar,3,14,0,0,10.33
1447498,1447523,112914,Yashovardhan Parantap,4,2,1,1,8.25
1447498,1447523,115467,Aaditya Nair,5,9,0,1,8.4
1447498,1447523,112914,Yashovardhan Parantap,6,11,0,1,8.83
1447498,1447523,115467,Aaditya Nair,7,11,0,1,9.14
1447498,1447523,103067,Prithviraj Shekhawat,8,5,0,1,8.62
1447498,1447523,77821,Praveen Dubey,9,13,1,2,9.11
1447498,1447523,77873,Vijaykumar Vyshak,10,9,0,2,9.1
1447498,1447523,118074,Abhishek Prabhakar,11,5,0,2,8.72
1447498,1447523,77873,Vijaykumar Vyshak,12,3,1,3,8.25
1447498,1447523,77821,Praveen Dubey,13,20,0,3,9.15
1447498,1447523,115467,Aaditya Nair,14,6,0,3,8.92
1447498,1447523,118074,Abhishek Prabhakar,15,13,1,4,9.2
1447498,1447523,115467,Aaditya Nair,16,12,0,4,9.37
1447498,1447523,112914,Yashovardhan Parantap,17,15,0,4,9.7
1447498,1447523,77873,Vijaykumar Vyshak,18,14,0,4,9.94
1447498,1447523,112914,Yashovardhan Parantap,19,22,0,4,10.57
1447498,1447523,77873,Vijaykumar Vyshak,20,6,0,4,10.89
1447498,1447521,103106,Abhilash Shetty,1,9,0,0,9.0
1447498,1447521,56596,Shreyas Gopal,2,4,1,1,6.5
1447498,1447521,103106,Abhilash Shetty,3,9,1,2,7.33
1447498,1447521,112913,Dheeraj Gowda,4,13,0,2,8.75
1447498,1447521,112879,Paras Arya,5,1,0,2,7.2
1447498,1447521,112908,Macneil Noronha,6,11,0,2,7.83
1447498,1447521,56596,Shreyas Gopal,7,5,0,2,7.42
1447498,1447521,112908,Macneil Noronha,8,12,0,2,8.0
1447498,1447521,56596,Shreyas Gopal,9,5,0,2,7.66
1447498,1447521,112908,Macneil Noronha,10,9,0,2,7.8
1447498,1447521,115562,Advith Shetty,11,10,0,2,8.0
1447498,1447521,112913,Dheeraj Gowda,12,21,0,2,9.08
1447498,1447521,112879,Paras Arya,13,5,0,2,8.76
1447498,1447521,112908,Macneil Noronha,14,12,0,2,9.0
1447498,1447521,56596,Shreyas Gopal,15,16,0,2,9.46
1447498,1447521,115562,Advith Shetty,16,19,1,3,10.06
1447498,1447521,112879,Paras Arya,17,9,0,3,10.0
1447498,1447521,115562,Advith Shetty,18,5,0,3,9.72
1447498,1447521,112879,Paras Arya,19,20,0,3,10.26
1447498,1447521,115562,Advith Shetty,20,14,0,3,10.45
1447498,1447521,115454,Manvanth Kumar,1,14,0,0,14.0
1447498,1447521,118076,Nishchith Pai,2,7,1,1,10.5
1447498,1447521,84541,Mitrakanth Yadav,3,7,0,1,9.33
1447498,1447521,118076,Nishchith Pai,4,6,1,2,8.5
1447498,1447521,84541,Mitrakanth Yadav,5,7,0,2,8.2
1447498,1447521,115454,Manvanth Kumar,6,15,0,2,9.33
1447498,1447521,84541,Mitrakanth Yadav,7,7,1,3,9.0
1447498,1447521,111673,Akash Katamble,8,12,0,3,9.37
1447498,1447521,84541,Mitrakanth Yadav,9,11,0,3,9.55
1447498,1447521,106204,Rishi Bopanna,10,11,0,3,9.7
1447498,1447521,115454,Manvanth Kumar,11,11,0,3,9.81
1447498,1447521,111673,Akash Katamble,12,13,1,4,10.08
1447498,1447521,118079,Madhav Bajaj,13,14,0,4,10.38
1447498,1447521,106204,Rishi Bopanna,14,8,0,4,10.21
1447498,1447521,118076,Nishchith Pai,15,7,0,4,10.0
1447498,1447521,106204,Rishi Bopanna,16,7,1,5,9.81
1447498,1447521,118079,Madhav Bajaj,17,1,1,6,9.29
1447498,1447521,106204,Rishi Bopanna,18,3,2,8,8.94
1447498,1447521,118076,Nishchith Pai,19,5,1,9,8.73
1447498,1447521,115454,Manvanth Kumar,20,1,1,10,8.78
1447498,1447501,103088,Vidwath Kaverappa,1,11,0,0,11.0
1447498,1447501,112877,LR Kumar,2,9,0,0,10.0
1447498,1447501,103088,Vidwath Kaverappa,3,8,0,0,9.33
1447498,1447501,112877,LR Kumar,4,16,1,1,11.0
1447498,1447501,115454,Manvanth Kumar,5,9,1,2,10.6
1447498,1447501,118076,Nishchith Pai,6,6,0,2,9.83
1447498,1447501,77835,KC Cariappa,7,9,0,2,9.71
1447498,1447501,118076,Nishchith Pai,8,9,0,2,9.62
1447498,1447501,77835,KC Cariappa,9,8,0,2,9.44
1447498,1447501,106308,Shreesha Achar,10,8,0,2,9.3
1447498,1447501,77835,KC Cariappa,11,11,0,2,9.45
1447498,1447501,115454,Manvanth Kumar,12,15,0,2,9.91
1447498,1447501,106308,Shreesha Achar,13,3,1,3,9.38
1447498,1447501,115454,Manvanth Kumar,14,7,0,3,9.21
1447498,1447501,103088,Vidwath Kaverappa,15,8,1,4,9.13
1447498,1447501,112877,LR Kumar,16,6,3,7,8.93
1447498,1447501,103106,Abhilash Shetty,1,5,0,0,5.0
1447498,1447501,84639,MB Darshan,2,17,1,1,11.0
1447498,1447501,56596,Shreyas Gopal,3,13,0,1,11.66
1447498,1447501,118080,Samarth Nagaraj,4,11,0,1,11.5
1447498,1447501,103106,Abhilash Shetty,5,16,0,1,12.4
1447498,1447501,84639,MB Darshan,6,7,0,1,13.8
1447498,1447512,103088,Vidwath Kaverappa,1,1,0,0,1.0
1447498,1447512,112877,LR Kumar,2,6,1,1,3.5
1447498,1447512,103088,Vidwath Kaverappa,3,2,0,1,3.0
1447498,1447512,112877,LR Kumar,4,3,0,1,3.0
1447498,1447512,115454,Manvanth Kumar,5,18,0,1,6.0
1447498,1447512,84541,Mitrakanth Yadav,6,22,0,1,8.66
1447498,1447512,77835,KC Cariappa,7,9,0,1,8.71
1447498,1447512,115454,Manvanth Kumar,8,8,1,2,8.62
1447498,1447512,77835,KC Cariappa,9,6,1,3,8.33
1447498,1447512,84541,Mitrakanth Yadav,10,10,0,3,8.5
1447498,1447512,77835,KC Cariappa,11,4,1,4,8.09
1447498,1447512,106204,Rishi Bopanna,12,16,0,4,8.75
1447498,1447512,77835,KC Cariappa,13,8,0,4,8.69
1447498,1447512,84541,Mitrakanth Yadav,14,3,1,5,8.28
1447498,1447512,115454,Manvanth Kumar,15,5,1,6,8.06
1447498,1447512,112877,LR Kumar,16,16,1,7,8.56
1447498,1447512,103088,Vidwath Kaverappa,17,7,0,7,8.47
1447498,1447512,112877,LR Kumar,18,21,1,8,8.77
1447498,1447512,103088,Vidwath Kaverappa,19,4,1,9,8.52
1447498,1447512,115454,Manvanth Kumar,20,3,1,10,8.68
1447498,1447512,103091,Vidyadhar Patil,1,14,0,0,14.0
1447498,1447512,77969,Codanda Ajit Karthik,2,15,0,0,14.5
1447498,1447512,103091,Vidyadhar Patil,3,5,1,1,11.33
1447498,1447512,60737,Krishnappa Gowtham,4,10,1,2,11.0
1447498,1447512,103091,Vidyadhar Patil,5,2,1,3,9.2
1447498,1447512,60737,Krishnappa Gowtham,6,7,1,4,8.83
1447498,1447512,66101,Jagadeesha Suchith,7,7,2,6,8.57
1447498,1447512,60737,Krishnappa Gowtham,8,3,0,6,7.87
1447498,1447512,66101,Jagadeesha Suchith,9,1,1,7,7.11
1447498,1447512,60737,Krishnappa Gowtham,10,2,0,7,6.6
1447498,1447512,66101,Jagadeesha Suchith,11,4,0,7,6.36
1447498,1447512,115459,Deepak Devadiga,12,6,0,7,6.33
1447498,1447512,106195,M Venkatesh,13,6,0,7,6.3
1447498,1447512,115459,Deepak Devadiga,14,6,0,7,6.28
1447498,1447512,66101,Jagadeesha Suchith,15,2,1,8,6.0
1447498,1447512,115459,Deepak Devadiga,16,8,1,9,6.12
1447498,1447512,77969,Codanda Ajit Karthik,17,11,1,10,6.41
1447498,1447524,115454,Manvanth Kumar,1,16,0,0,16.0
1447498,1447524,118076,Nishchith Pai,2,0,0,0,8.0
1447498,1447524,112877,LR Kumar,3,5,0,0,7.0
1447498,1447524,118076,Nishchith Pai,4,8,0,0,7.25
1447498,1447524,112877,LR Kumar,5,8,1,1,7.4
1447498,1447524,115454,Manvanth Kumar,6,10,0,1,7.83
1447498,1447524,118079,Madhav Bajaj,7,13,0,1,8.57
1447498,1447524,77835,KC Cariappa,8,6,0,1,8.25
1447498,1447524,118079,Madhav Bajaj,9,14,1,2,8.88
1447498,1447524,77835,KC Cariappa,10,3,0,2,8.3
1447498,1447524,118079,Madhav Bajaj,11,1,1,3,7.63
1447498,1447524,77835,KC Cariappa,12,10,0,3,7.83
1447498,1447524,118079,Madhav Bajaj,13,6,0,3,7.69
1447498,1447524,115454,Manvanth Kumar,14,13,0,3,8.07
1447498,1447524,106204,Rishi Bopanna,15,3,1,4,7.73
1447498,1447524,77835,KC Cariappa,16,4,1,5,7.5
1447498,1447524,106204,Rishi Bopanna,17,25,0,5,8.52
1447498,1447524,112877,LR Kumar,18,16,1,6,8.94
1447498,1447524,118076,Nishchith Pai,19,21,0,6,9.57
1447498,1447524,112877,LR Kumar,20,9,0,6,9.55
1447498,1447524,118081,smayan Srivastava,1,8,0,0,8.0
1447498,1447524,77969,Codanda Ajit Karthik,2,14,0,0,11.0
1447498,1447524,66101,Jagadeesha Suchith,3,2,1,1,8.0
1447498,1447524,60737,Krishnappa Gowtham,4,10,0,1,8.5
1447498,1447524,77969,Codanda Ajit Karthik,5,3,0,1,7.4
1447498,1447524,110995,Dhanush Gowda,6,8,1,2,7.5
1447498,1447524,66101,Jagadeesha Suchith,7,4,0,2,7.0
1447498,1447524,110995,Dhanush Gowda,8,3,0,2,6.5
1447498,1447524,66101,Jagadeesha Suchith,9,6,1,3,6.44
1447498,1447524,60737,Krishnappa Gowtham,10,11,0,3,6.9
1447498,1447524,115459,Deepak Devadiga,11,4,1,4,6.63
1447498,1447524,60737,Krishnappa Gowtham,12,4,0,4,6.41
1447498,1447524,94720,Manoj Bhandage,13,2,1,5,6.07
1447498,1447524,60737,Krishnappa Gowtham,14,6,1,6,6.07
1447498,1447524,94720,Manoj Bhandage,15,3,1,7,5.86
1447498,1447524,110995,Dhanush Gowda,16,4,1,8,5.75
1447498,1447524,118081,smayan Srivastava,17,4,1,9,5.64
1447498,1447524,110995,Dhanush Gowda,18,12,0,9,6.0
1447498,1447524,118081,smayan Srivastava,19,9,1,10,6.5
1447498,1447530,103088,Vidwath Kaverappa,1,2,0,0,2.0
1447498,1447530,112877,LR Kumar,2,7,0,0,4.5
1447498,1447530,103088,Vidwath Kaverappa,3,4,1,1,4.33
1447498,1447530,112877,LR Kumar,4,5,1,2,4.5
1447498,1447530,118076,Nishchith Pai,5,11,0,2,5.8
1447498,1447530,77835,KC Cariappa,6,4,0,2,5.5
1447498,1447530,115454,Manvanth Kumar,7,11,0,2,6.28
1447498,1447530,106308,Shreesha Achar,8,6,0,2,6.25
1447498,1447530,115454,Manvanth Kumar,9,9,0,2,6.55
1447498,1447530,106308,Shreesha Achar,10,8,0,2,6.7
1447498,1447530,77835,KC Cariappa,11,7,0,2,6.72
1447498,1447530,118076,Nishchith Pai,12,4,1,3,6.5
1447498,1447530,115454,Manvanth Kumar,13,10,0,3,6.76
1447498,1447530,118076,Nishchith Pai,14,8,0,3,6.85
1447498,1447530,77835,KC Cariappa,15,11,0,3,7.13
1447498,1447530,112877,LR Kumar,16,4,1,4,6.93
1447498,1447530,103088,Vidwath Kaverappa,17,16,2,6,7.47
1447498,1447530,112877,LR Kumar,18,21,1,7,8.22
1447498,1447530,77835,KC Cariappa,19,9,1,8,8.26
1447498,1447530,103088,Vidwath Kaverappa,20,20,0,8,8.85
1447498,1447530,77969,Codanda Ajit Karthik,1,10,0,0,10.0
1447498,1447530,103091,Vidyadhar Patil,2,13,0,0,11.5
1447498,1447530,77969,Codanda Ajit Karthik,3,8,1,1,10.33
1447498,1447530,110995,Dhanush Gowda,4,9,0,1,10.0
1447498,1447530,60737,Krishnappa Gowtham,5,12,1,2,10.4
1447498,1447530,103091,Vidyadhar Patil,6,3,0,2,9.16
1447498,1447530,66101,Jagadeesha Suchith,7,15,0,2,10.0
1447498,1447530,60737,Krishnappa Gowtham,8,3,1,3,9.12
1447498,1447530,66101,Jagadeesha Suchith,9,6,0,3,8.77
1447498,1447530,60737,Krishnappa Gowtham,10,3,1,4,8.2
1447498,1447530,66101,Jagadeesha Suchith,11,4,0,4,7.81
1447498,1447530,115459,Deepak Devadiga,12,8,0,4,7.83
1447498,1447530,66101,Jagadeesha Suchith,13,1,1,5,7.3
1447498,1447530,115459,Deepak Devadiga,14,5,0,5,7.14
1447498,1447530,94720,Manoj Bhandage,15,13,0,5,7.53
1447498,1447530,60737,Krishnappa Gowtham,16,11,0,5,7.75
1447498,1447530,77969,Codanda Ajit Karthik,17,10,0,5,7.88
1447498,1447530,94720,Manoj Bhandage,18,13,0,5,8.16
1447498,1447530,77969,Codanda Ajit Karthik,19,11,0,5,8.31
1447498,1447530,94720,Manoj Bhandage,20,10,0,5,8.4
1447498,1447509,103088,Vidwath Kaverappa,1,2,0,0,2.0
1447498,1447509,118076,Nishchith Pai,2,7,1,1,4.5
1447498,1447509,103088,Vidwath Kaverappa,3,0,0,1,3.0
1447498,1447509,118076,Nishchith Pai,4,1,0,1,2.5
1447498,1447509,112877,LR Kumar,5,6,0,1,3.2
1447498,1447509,118076,Nishchith Pai,6,8,0,1,4.0
1447498,1447509,112877,LR Kumar,7,16,0,1,5.71
1447498,1447509,77835,KC Cariappa,8,6,1,2,5.75
1447498,1447509,106308,Shreesha Achar,9,5,0,2,5.66
1447498,1447509,77835,KC Cariappa,10,6,0,2,5.7
1447498,1447509,106308,Shreesha Achar,11,14,1,3,6.45
1447498,1447509,77835,KC Cariappa,12,10,0,3,6.75
1447498,1447509,106308,Shreesha Achar,13,20,1,4,7.76
1447498,1447509,77835,KC Cariappa,14,8,1,5,7.78
1447498,1447509,103088,Vidwath Kaverappa,15,12,0,5,8.06
1447498,1447509,112877,LR Kumar,16,3,1,6,7.75
1447498,1447509,103088,Vidwath Kaverappa,17,13,2,7,8.05
1447498,1447509,63539,Vasuki Koushik,1,14,0,0,14.0
1447498,1447509,84641,Thippeswamy Pradeep,2,8,1,1,11.0
1447498,1447509,115450,Hardik Raj,3,23,0,1,15.0
1447498,1447509,84641,Thippeswamy Pradeep,4,6,1,2,17.0
1447498,1447518,63539,Vasuki Koushik,1,5,2,2,5.0
1447498,1447518,63577,HS Sharath,2,11,0,2,8.0
1447498,1447518,63539,Vasuki Koushik,3,2,0,2,6.0
1447498,1447518,84665,Doddamani Anand,4,7,0,2,6.25
1447498,1447518,63539,Vasuki Koushik,5,4,0,2,5.8
1447498,1447518,84665,Doddamani Anand,6,6,0,2,5.83
1447498,1447518,115668,D Ashok,7,11,1,3,6.57
1447498,1447518,84665,Doddamani Anand,8,2,1,4,6.0
1447498,1447518,115668,D Ashok,9,4,1,4,5.77
1447498,1447518,84665,Doddamani Anand,10,4,0,5,5.6
1447498,1447518,115668,D Ashok,11,5,0,5,5.54
1447498,1447518,115450,Hardik Raj,12,3,0,5,5.33
1447498,1447518,115668,D Ashok,13,10,0,5,5.69
1447498,1447518,115450,Hardik Raj,14,4,0,5,5.57
1447498,1447518,100863,D Avinash,15,12,0,5,6.0
1447498,1447518,115450,Hardik Raj,16,12,1,6,6.37
1447498,1447518,63577,HS Sharath,17,15,0,6,6.88
1447498,1447518,100863,D Avinash,18,9,1,7,7.0
1447498,1447518,63539,Vasuki Koushik,19,2,1,8,6.73
1447498,1447518,100863,D Avinash,20,13,2,10,7.42
1447498,1447518,103088,Vidwath Kaverappa,1,1,0,0,1.0
1447498,1447518,112877,LR Kumar,2,9,0,0,5.0
1447498,1447518,103088,Vidwath Kaverappa,3,7,0,0,5.66
1447498,1447518,112877,LR Kumar,4,8,0,0,6.25
1447498,1447518,115454,Manvanth Kumar,5,7,1,1,6.4
1447498,1447518,103088,Vidwath Kaverappa,6,7,0,1,6.5
1447498,1447518,115454,Manvanth Kumar,7,3,1,2,6.0
1447498,1447518,118077,Daman Singh,8,17,0,2,7.37
1447498,1447518,77835,KC Cariappa,9,3,0,2,6.88
1447498,1447518,112877,LR Kumar,10,19,0,2,8.1
1447498,1447518,77835,KC Cariappa,11,18,0,2,9.0
1447498,1447518,110992,Aneeshwar Gautam,12,21,1,3,10.0
1447498,1447518,77835,KC Cariappa,13,8,0,3,9.84
1447498,1447518,115454,Manvanth Kumar,14,4,1,4,9.42
1447498,1447518,103088,Vidwath Kaverappa,15,9,0,4,9.4
1447498,1447518,118077,Daman Singh,16,6,0,4,9.8
1447498,1447508,103106,Abhilash Shetty,1,2,0,0,2.0
1447498,1447508,106184,Nischith Rao,2,12,0,0,7.0
1447498,1447508,103106,Abhilash Shetty,3,6,1,1,6.66
1447498,1447508,106184,Nischith Rao,4,8,0,1,7.0
1447498,1447508,103106,Abhilash Shetty,5,13,0,1,8.2
1447498,1447508,118080,Samarth Nagaraj,6,5,0,1,7.66
1447498,1447508,112879,Paras Arya,7,7,0,1,7.57
1447498,1447508,84639,MB Darshan,8,8,1,2,7.62
1447498,1447508,56596,Shreyas Gopal,9,8,0,2,7.66
1447498,1447508,84639,MB Darshan,10,11,0,2,8.0
1447498,1447508,56596,Shreyas Gopal,11,11,0,2,8.27
1447498,1447508,106184,Nischith Rao,12,12,1,3,8.58
1447498,1447508,112879,Paras Arya,13,8,0,3,8.53
1447498,1447508,118080,Samarth Nagaraj,14,13,0,3,8.85
1447498,1447508,112879,Paras Arya,15,17,0,3,9.4
1447498,1447508,103106,Abhilash Shetty,16,6,1,4,9.18
1447498,1447508,84639,MB Darshan,17,18,0,4,9.7
1447498,1447508,118080,Samarth Nagaraj,18,14,0,4,9.94
1447498,1447508,106184,Nischith Rao,19,22,0,4,10.57
1447498,1447508,118080,Samarth Nagaraj,20,25,0,4,11.3
1447498,1447508,103091,Vidyadhar Patil,1,10,0,0,10.0
1447498,1447508,77969,Codanda Ajit Karthik,2,9,1,1,9.5
1447498,1447508,60737,Krishnappa Gowtham,3,12,0,1,10.33
1447498,1447508,66101,Jagadeesha Suchith,4,2,1,2,8.25
1447498,1447508,60737,Krishnappa Gowtham,5,10,0,2,8.6
1447498,1447508,103091,Vidyadhar Patil,6,18,0,2,10.16
1447498,1447508,66101,Jagadeesha Suchith,7,11,0,2,10.28
1447498,1447508,115459,Deepak Devadiga,8,5,0,2,9.62
1447498,1447508,66101,Jagadeesha Suchith,9,6,1,3,9.22
1447498,1447508,115459,Deepak Devadiga,10,13,1,4,9.6
1447498,1447508,103091,Vidyadhar Patil,11,18,1,5,10.36
1447498,1447508,77969,Codanda Ajit Karthik,12,14,0,5,10.66
1447498,1447508,94720,Manoj Bhandage,13,5,1,6,10.23
1447498,1447508,77969,Codanda Ajit Karthik,14,5,1,7,9.85
1447498,1447525,118081,smayan Srivastava,1,6,0,0,6.0
1447498,1447525,110995,Dhanush Gowda,2,10,0,0,8.0
1447498,1447525,77969,Codanda Ajit Karthik,3,6,1,1,7.33
1447498,1447525,66101,Jagadeesha Suchith,4,13,0,1,8.75
1447498,1447525,77969,Codanda Ajit Karthik,5,9,0,1,8.8
1447498,1447525,110995,Dhanush Gowda,6,12,1,2,9.33
1447498,1447525,66101,Jagadeesha Suchith,7,11,0,2,9.57
1447498,1447525,60737,Krishnappa Gowtham,8,4,0,2,8.87
1447498,1447525,115459,Deepak Devadiga,9,5,0,2,8.44
1447498,1447525,60737,Krishnappa Gowtham,10,8,1,3,8.4
1447498,1447525,115459,Deepak Devadiga,11,4,1,4,8.0
1447498,1447525,60737,Krishnappa Gowtham,12,6,1,5,7.83
1447498,1447525,115459,Deepak Devadiga,13,13,0,5,8.23
1447498,1447525,66101,Jagadeesha Suchith,14,6,0,5,8.07
1447498,1447525,115459,Deepak Devadiga,15,14,0,5,8.46
1447498,1447525,94720,Manoj Bhandage,16,7,0,5,8.37
1447498,1447525,77969,Codanda Ajit Karthik,17,15,1,6,8.76
1447498,1447525,94720,Manoj Bhandage,18,5,1,7,8.55
1447498,1447525,77969,Codanda Ajit Karthik,19,7,0,7,8.47
1447498,1447525,94720,Manoj Bhandage,20,17,2,8,8.9
1447498,1447525,103106,Abhilash Shetty,1,3,0,0,3.0
1447498,1447525,84639,MB Darshan,2,4,0,0,3.5
1447498,1447525,103106,Abhilash Shetty,3,9,0,0,5.33
1447498,1447525,84639,MB Darshan,4,7,0,0,5.75
1447498,1447525,103106,Abhilash Shetty,5,6,0,0,5.8
1447498,1447525,112879,Paras Arya,6,8,0,0,6.16
1447498,1447525,56596,Shreyas Gopal,7,9,1,1,6.57
1447498,1447525,112879,Paras Arya,8,7,0,1,6.62
1447498,1447525,56596,Shreyas Gopal,9,12,0,1,7.22
1447498,1447525,94735,Pranav Bhatia,10,11,0,1,7.6
1447498,1447525,115562,Advith Shetty,11,10,0,1,7.81
1447498,1447525,56596,Shreyas Gopal,12,9,0,1,7.91
1447498,1447525,115562,Advith Shetty,13,15,0,1,8.46
1447498,1447525,112879,Paras Arya,14,13,0,1,8.78
1447498,1447525,103106,Abhilash Shetty,15,12,0,1,9.0
1447498,1447525,56596,Shreyas Gopal,16,9,0,1,9.0
1447498,1447525,115562,Advith Shetty,17,7,1,2,8.88
1447498,1447525,112908,Macneil Noronha,18,10,2,4,8.94
1447498,1447525,115562,Advith Shetty,19,18,0,4,9.94
1447498,1447520,63539,Vasuki Koushik,1,0,0,0,0.0
1447498,1447520,84665,Doddamani Anand,2,11,0,0,5.5
1447498,1447520,63539,Vasuki Koushik,3,2,0,0,4.33
1447498,1447520,84665,Doddamani Anand,4,8,1,1,5.25
1447498,1447520,63539,Vasuki Koushik,5,6,1,2,5.4
1447498,1447520,84665,Doddamani Anand,6,8,0,2,5.83
1447498,1447520,63577,HS Sharath,7,6,0,2,5.85
1447498,1447520,100863,D Avinash,8,12,0,2,6.62
1447498,1447520,63577,HS Sharath,9,4,1,3,6.33
1447498,1447520,115668,D Ashok,10,8,0,3,6.5
1447498,1447520,115450,Hardik Raj,11,6,0,3,6.45
1447498,1447520,115668,D Ashok,12,3,1,4,6.16
1447498,1447520,115450,Hardik Raj,13,5,0,4,6.07
1447498,1447520,115668,D Ashok,14,9,0,4,6.28
1447498,1447520,115450,Hardik Raj,15,8,0,4,6.4
1447498,1447520,63577,HS Sharath,16,13,0,4,6.81
1447498,1447520,115450,Hardik Raj,17,3,1,5,6.58
1447498,1447520,100863,D Avinash,18,14,1,6,7.0
1447498,1447520,63539,Vasuki Koushik,19,13,0,6,7.31
1447498,1447520,63577,HS Sharath,20,13,1,6,7.6
1447498,1447520,103106,Abhilash Shetty,1,2,0,0,2.0
1447498,1447520,84639,MB Darshan,2,3,0,0,2.5
1447498,1447520,103106,Abhilash Shetty,3,9,1,1,4.66
1447498,1447520,56596,Shreyas Gopal,4,2,0,1,4.0
1447498,1447520,103106,Abhilash Shetty,5,8,0,1,4.8
1447498,1447520,56596,Shreyas Gopal,6,6,1,2,5.0
1447498,1447520,115562,Advith Shetty,7,14,0,2,6.28
1447498,1447520,103106,Abhilash Shetty,8,7,0,2,6.37
1447498,1447520,112879,Paras Arya,9,5,0,2,6.22
1447498,1447520,56596,Shreyas Gopal,10,14,0,2,7.0
1447498,1447520,115562,Advith Shetty,11,9,0,2,7.18
1447498,1447520,112879,Paras Arya,12,6,0,2,7.08
1447498,1447520,115562,Advith Shetty,13,6,2,4,7.0
1447498,1447520,56596,Shreyas Gopal,14,4,0,4,6.78
1447498,1447520,115562,Advith Shetty,15,21,0,4,7.73
1447498,1447520,112879,Paras Arya,16,5,1,5,7.56
1447498,1447520,84639,MB Darshan,17,11,1,6,7.76
1447498,1447520,112879,Paras Arya,18,2,1,7,7.44
1447498,1447520,84639,MB Darshan,19,19,0,7,8.5
1447498,1447503,103106,Abhilash Shetty,1,5,1,1,5.0
1447498,1447503,118080,Samarth Nagaraj,2,5,0,1,5.0
1447498,1447503,103106,Abhilash Shetty,3,8,0,1,6.0
1447498,1447503,106184,Nischith Rao,4,13,1,2,7.75
1447498,1447503,56596,Shreyas Gopal,5,7,0,2,7.6
1447498,1447503,112879,Paras Arya,6,2,0,2,6.66
1447498,1447503,84639,MB Darshan,7,1,0,2,5.85
1447498,1447503,112879,Paras Arya,8,5,0,2,5.75
1447498,1447503,84639,MB Darshan,9,7,1,3,5.88
1447498,1447503,112879,Paras Arya,10,4,0,3,5.7
1447498,1447503,118080,Samarth Nagaraj,11,10,0,3,6.09
1447498,1447503,56596,Shreyas Gopal,12,2,1,4,5.75
1447498,1447503,118080,Samarth Nagaraj,13,5,0,4,5.69
1447498,1447503,56596,Shreyas Gopal,14,17,0,4,6.5
1447498,1447503,118080,Samarth Nagaraj,15,12,0,4,6.86
1447498,1447503,84639,MB Darshan,16,9,0,4,7.0
1447498,1447503,103106,Abhilash Shetty,17,12,0,4,7.29
1447498,1447503,84639,MB Darshan,18,19,0,4,7.94
1447498,1447503,103106,Abhilash Shetty,19,14,1,4,8.26
1447498,1447503,106184,Nischith Rao,20,18,1,6,8.75
1447498,1447503,63539,Vasuki Koushik,1,10,0,0,10.0
1447498,1447503,112897,Rajvir Wadhwa,2,11,0,0,10.5
1447498,1447503,63539,Vasuki Koushik,3,10,0,0,10.33
1447498,1447503,100863,D Avinash,4,13,0,0,11.0
1447498,1447503,84665,Doddamani Anand,5,19,0,0,12.6
1447498,1447503,112897,Rajvir Wadhwa,6,12,1,1,12.5
1447498,1447503,115450,Hardik Raj,7,10,0,1,12.14
1447498,1447503,63577,HS Sharath,8,8,0,1,11.62
1447498,1447503,115450,Hardik Raj,9,10,0,1,11.44
1447498,1447503,84631,Bharath Dhuri,10,13,0,1,11.6
1447498,1447503,84665,Doddamani Anand,11,8,0,1,11.27
1447498,1447503,63539,Vasuki Koushik,12,10,0,1,11.16
1447498,1447503,115450,Hardik Raj,13,6,1,2,10.76
1447498,1447503,84665,Doddamani Anand,14,8,0,2,10.57
1447498,1447503,115450,Hardik Raj,15,7,0,2,10.33
1447498,1447503,84665,Doddamani Anand,16,11,0,2,10.37
1447498,1447503,118073,Dhruv Prabhakar,17,12,0,2,11.12
1447498,1447513,63539,Vasuki Koushik,1,1,0,0,1.0
1447498,1447513,84665,Doddamani Anand,2,8,0,0,4.5
1447498,1447513,63539,Vasuki Koushik,3,2,0,0,3.66
1447498,1447513,84665,Doddamani Anand,4,12,0,0,5.75
1447498,1447513,63577,HS Sharath,5,13,1,1,7.2
1447498,1447513,115450,Hardik Raj,6,19,0,1,9.16
1447498,1447513,84631,Bharath Dhuri,7,4,0,1,8.42
1447498,1447513,63577,HS Sharath,8,0,2,3,7.37
1447498,1447513,84631,Bharath Dhuri,9,7,0,3,7.33
1447498,1447513,84665,Doddamani Anand,10,6,0,3,7.2
1447498,1447513,115668,D Ashok,11,15,1,4,7.9
1447498,1447513,115450,Hardik Raj,12,3,0,4,7.5
1447498,1447513,115668,D Ashok,13,3,0,4,7.15
1447498,1447513,115450,Hardik Raj,14,6,0,4,7.07
1447498,1447513,115668,D Ashok,15,10,0,4,7.26
1447498,1447513,63577,HS Sharath,16,7,0,4,7.25
1447498,1447513,84631,Bharath Dhuri,17,6,1,5,7.17
1447498,1447513,63539,Vasuki Koushik,18,31,0,5,8.5
1447498,1447513,63577,HS Sharath,19,9,2,6,8.52
1447498,1447513,84631,Bharath Dhuri,20,17,0,7,8.95
1447498,1447513,103091,Vidyadhar Patil,1,2,2,2,2.0
1447498,1447513,77969,Codanda Ajit Karthik,2,10,0,2,6.0
1447498,1447513,103091,Vidyadhar Patil,3,5,0,2,5.66
1447498,1447513,60737,Krishnappa Gowtham,4,9,0,2,6.5
1447498,1447513,103091,Vidyadhar Patil,5,12,0,2,7.6
1447498,1447513,60737,Krishnappa Gowtham,6,3,1,3,6.83
1447498,1447513,66101,Jagadeesha Suchith,7,9,0,3,7.14
1447498,1447513,60737,Krishnappa Gowtham,8,3,1,3,6.62
1447498,1447513,66101,Jagadeesha Suchith,9,9,0,4,6.88
1447498,1447513,115459,Deepak Devadiga,10,3,0,4,6.5
1447498,1447513,66101,Jagadeesha Suchith,11,13,0,4,7.09
1447498,1447513,106195,M Venkatesh,12,10,0,4,7.33
1447498,1447513,115459,Deepak Devadiga,13,11,0,4,7.61
1447498,1447513,66101,Jagadeesha Suchith,14,11,0,4,7.85
1447498,1447513,77969,Codanda Ajit Karthik,15,13,0,4,8.2
1447498,1447513,115459,Deepak Devadiga,16,5,1,5,8.0
1447498,1447513,77969,Codanda Ajit Karthik,17,5,2,7,7.82
1447498,1447513,103091,Vidyadhar Patil,18,11,1,8,8.0
1447498,1447513,77969,Codanda Ajit Karthik,19,6,1,9,7.89
1447498,1447513,94720,Manoj Bhandage,20,1,0,9,7.55
1447498,1447500,63539,Vasuki Koushik,1,7,0,0,7.0
1447498,1447500,115450,Hardik Raj,2,10,0,0,8.5
1447498,1447500,63539,Vasuki Koushik,3,4,0,0,7.0
1447498,1447500,84641,Thippeswamy Pradeep,4,4,1,1,6.25
1447498,1447500,63539,Vasuki Koushik,5,2,0,1,5.4
1447498,1447500,84641,Thippeswamy Pradeep,6,13,1,2,6.66
1447498,1447500,115450,Hardik Raj,7,2,0,2,6.0
1447498,1447500,84631,Bharath Dhuri,8,10,0,2,6.5
1447498,1447500,115450,Hardik Raj,9,5,1,3,6.33
1447498,1447500,84665,Doddamani Anand,10,8,0,3,6.0
1447498,1447500,100863,D Avinash,11,9,1,4,6.27
1447498,1447500,84665,Doddamani Anand,12,3,1,6,6.0
1447498,1447500,63539,Vasuki Koushik,13,2,0,6,5.69
1447498,1447500,84665,Doddamani Anand,14,6,0,6,5.71
1447498,1447500,100863,D Avinash,15,7,0,6,5.8
1447498,1447500,115450,Hardik Raj,16,15,1,7,6.37
1447498,1447500,100863,D Avinash,17,7,1,8,6.41
1447498,1447500,84641,Thippeswamy Pradeep,18,12,0,8,6.72
1447498,1447500,100863,D Avinash,19,21,0,8,7.47
1447498,1447500,84641,Thippeswamy Pradeep,20,17,0,8,7.95
1447498,1447500,103091,Vidyadhar Patil,1,13,1,1,13.0
1447498,1447500,77969,Codanda Ajit Karthik,2,10,0,1,11.5
1447498,1447500,103091,Vidyadhar Patil,3,6,0,1,9.66
1447498,1447500,66101,Jagadeesha Suchith,4,14,2,3,9.25
1447498,1447500,60737,Krishnappa Gowtham,5,10,0,3,9.4
1447498,1447500,66101,Jagadeesha Suchith,6,7,0,3,9.0
1447498,1447500,115461,Gautam Mishra,7,5,0,3,8.42
1447498,1447500,77969,Codanda Ajit Karthik,8,12,0,3,8.87
1447498,1447500,115461,Gautam Mishra,9,9,2,5,8.88
